Title,Link,Scope,deadlinePT
Advancing Research on Alzheimer's Disease (AD) and AD-Related Dementias (ADRD),https://grants.nih.gov/grants/guide/pa-files/PAS-22-196.html#_Section_I._Funding,Alzheimers,"9/5/2025, 4:59 PM"
Autism Data Science Initiative Funding Opportunities,https://dpcpsi.nih.gov/autism-data-science-initiative/funding-opportunities,Autism,"6/27/2025, 11:59 PM"
Alzheimer's Disease Research Centers ,https://grants.nih.gov/grants/guide/rfa-files/RFA-AG-24-001.html,Alzheimers,"9/26/2025, 5:00 PM"
BRAIN Initiative Fellows: Ruth L. Kirschstein National Research Service Award (NRSA) Individual Postdoctoral Fellowship (F32),https://grants.nih.gov/grants/guide/rfa-files/RFA-MH-23-110.html#_Section_II._Award_1,Fellowship,"8/11/2025, 5:00 PM"
Ruth L. Kirschstein National Research Service Award (NRSA),https://grants.nih.gov/grants/guide/pa-files/PA-25-425.html,Fellowship,"8/8/2025, 4:00 PM"
NIH Small Research Grant Program ,https://grants.nih.gov/grants/guide/pa-files/PA-25-302.html#_Section%20III.%20Eligibility%20Information,General,"10/16/2025, 4:00 PM"
NIH Exploratory/Developmental Research Project Grant,https://grants.nih.gov/grants/guide/pa-files/PA-25-304.html#_Section%20II.%20Award%20Information,General,"10/16/2025, 4:00 PM"
Notice of Special Interest (NOSI): SBIR/STTR Program Priorities to Bridge Gaps in Advancing the NIMH Mission,https://grants.nih.gov/grants/guide/notice-files/NOT-MH-24-110.html,Drug Discovery,"8/10/2025, 4:00 PM"
"PHS 2024-2 Omnibus Solicitation of the NIH, CDC and FDA for Small Business Innovation Research Grant Applications ",https://grants.nih.gov/grants/guide/pa-files/PA-24-245.html,General,"9/5/2025, 4:00 PM"
Blueprint Neurotherapeutics Network (BPN): Small Molecule Drug Discovery and Development for Disorders of the Nervous System,https://grants.nih.gov/grants/guide/pa-files/PAR-24-063.html,Drug Discovery,"1/15/2026, 4:00 PM"
"PHS 2024-2 Omnibus Solicitation of the NIH, CDC and FDA for Small Business Innovation Research Grant Applications",https://grants.nih.gov/grants/guide/pa-files/PA-24-245.html,General,"9/5/2025, 4:00 PM"
Seeking Products to Address Social Needs impacting Substance Use Disorders (SUD),https://grants.nih.gov/grants/guide/rfa-files/RFA-DA-25-048.html,Drug Abuse,"3/16/2026, 4:00 PM"
Late-Stage Translation of Biomedical and Behavioral Research Results in Arthritis and Musculoskeletal and Skin Diseases from Academic/Non-profit Lab to Marketplace ,https://grants.nih.gov/grants/guide/pa-files/PAR-23-032.html,Therapy,"9/5/2025, 4:00 PM"
,,,"8/16/2025, 4:00 PM"
,,,"8/17/2025, 4:00 PM"